<?xml version="1.0" encoding="UTF-8"?>
<project-private xmlns="http://www.netbeans.org/ns/project-private/1">
    <editor-bookmarks xmlns="http://www.netbeans.org/ns/editor-bookmarks/2" lastBookmarkId="0"/>
    <open-files xmlns="http://www.netbeans.org/ns/projectui-open-files/2">
        <group>
            <file>file:/C:/Users/ricca/OneDrive/Documenti/NetBeansProjects/WebApplication1/src/java/hello/MonitoraggioLuce.java</file>
            <file>file:/C:/Users/ricca/OneDrive/Documenti/NetBeansProjects/WebApplication1/src/java/hello/Lampadina.java</file>
            <file>file:/C:/Users/ricca/OneDrive/Documenti/NetBeansProjects/WebApplication1/web/index.html</file>
            <file>file:/C:/Users/ricca/OneDrive/Documenti/NetBeansProjects/WebApplication1/src/java/hello/GestioneLuce.java</file>
            <file>file:/C:/Users/ricca/OneDrive/Documenti/NetBeansProjects/WebApplication1/src/java/hello/ApplicationConfig.java</file>
        </group>
    </open-files>
</project-private>
